-- MySQL dump 10.13  Distrib 8.2.0, for macos13.5 (arm64)
--
-- Host: localhost    Database: final_project
-- ------------------------------------------------------
-- Server version	8.1.0

/*!40101 SET @OLD_CHARACTER_SET_CLIENT=@@CHARACTER_SET_CLIENT */;
/*!40101 SET @OLD_CHARACTER_SET_RESULTS=@@CHARACTER_SET_RESULTS */;
/*!40101 SET @OLD_COLLATION_CONNECTION=@@COLLATION_CONNECTION */;
/*!50503 SET NAMES utf8mb4 */;
/*!40103 SET @OLD_TIME_ZONE=@@TIME_ZONE */;
/*!40103 SET TIME_ZONE='+00:00' */;
/*!40014 SET @OLD_UNIQUE_CHECKS=@@UNIQUE_CHECKS, UNIQUE_CHECKS=0 */;
/*!40014 SET @OLD_FOREIGN_KEY_CHECKS=@@FOREIGN_KEY_CHECKS, FOREIGN_KEY_CHECKS=0 */;
/*!40101 SET @OLD_SQL_MODE=@@SQL_MODE, SQL_MODE='NO_AUTO_VALUE_ON_ZERO' */;
/*!40111 SET @OLD_SQL_NOTES=@@SQL_NOTES, SQL_NOTES=0 */;

--
-- Table structure for table `Customers`
--

DROP TABLE IF EXISTS `Customers`;
/*!40101 SET @saved_cs_client     = @@character_set_client */;
/*!50503 SET character_set_client = utf8mb4 */;
CREATE TABLE `Customers` (
  `customerID` int NOT NULL AUTO_INCREMENT,
  `firstName` varchar(255) DEFAULT NULL,
  `lastName` varchar(255) DEFAULT NULL,
  `streetAddress` varchar(255) DEFAULT NULL,
  `city` varchar(255) DEFAULT NULL,
  `zipCode` varchar(10) DEFAULT NULL,
  `state` varchar(2) DEFAULT NULL,
  PRIMARY KEY (`customerID`)
) ENGINE=InnoDB AUTO_INCREMENT=21 DEFAULT CHARSET=utf8mb4 COLLATE=utf8mb4_0900_ai_ci;
/*!40101 SET character_set_client = @saved_cs_client */;

--
-- Dumping data for table `Customers`
--

LOCK TABLES `Customers` WRITE;
/*!40000 ALTER TABLE `Customers` DISABLE KEYS */;
INSERT INTO `Customers` VALUES (1,'John','Doe','123 Main St','New York','10001','NY'),(2,'Jane','Smith','456 Broadway','New York','10002','NY'),(3,'Robert','Johnson','789 Park Ave','New York','10003','NY'),(4,'Emily','Williams','101 Wall St','New York','10004','NY'),(5,'Michael','Brown','202 Lexington Ave','New York','10005','NY'),(6,'Sophia','Jones','303 5th Ave','New York','10006','NY'),(7,'Daniel','Miller','404 Madison Ave','New York','10007','NY'),(8,'Olivia','Davis','505 Park Pl','New York','10008','NY'),(9,'William','Garcia','606 3rd St','New York','10009','NY'),(10,'Ava','Rodriguez','707 Broadway','New York','10010','NY'),(11,'James','Hernandez','808 Wall St','New York','10011','NY'),(12,'Emma','Lopez','909 Lexington Ave','New York','10012','NY'),(13,'Benjamin','Martinez','1010 Park Pl','New York','10013','NY'),(14,'Mia','Jackson','1111 Madison Ave','New York','10014','NY'),(15,'Elijah','Taylor','1212 5th Ave','New York','10015','NY'),(16,'Grace','Anderson','1313 Broadway','New York','10016','NY'),(17,'Logan','White','1414 Wall St','New York','10017','NY'),(18,'Aiden','Thomas','1515 Lexington Ave','New York','10018','NY'),(19,'Isabella','Moore','1616 Park Pl','New York','10019','NY'),(20,'Jackson','Wilson','1717 Madison Ave','New York','10020','NY');
/*!40000 ALTER TABLE `Customers` ENABLE KEYS */;
UNLOCK TABLES;

--
-- Table structure for table `Devices`
--

DROP TABLE IF EXISTS `Devices`;
/*!40101 SET @saved_cs_client     = @@character_set_client */;
/*!50503 SET character_set_client = utf8mb4 */;
CREATE TABLE `Devices` (
  `deviceID` int NOT NULL,
  `serviceLocID` int DEFAULT NULL,
  `deviceType` varchar(255) DEFAULT NULL,
  `modelNumber` varchar(50) DEFAULT NULL,
  PRIMARY KEY (`deviceID`),
  KEY `serviceLocID` (`serviceLocID`),
  CONSTRAINT `devices_ibfk_1` FOREIGN KEY (`serviceLocID`) REFERENCES `ServiceLocations` (`serviceLocID`)
) ENGINE=InnoDB DEFAULT CHARSET=utf8mb4 COLLATE=utf8mb4_0900_ai_ci;
/*!40101 SET character_set_client = @saved_cs_client */;

--
-- Dumping data for table `Devices`
--

LOCK TABLES `Devices` WRITE;
/*!40000 ALTER TABLE `Devices` DISABLE KEYS */;
INSERT INTO `Devices` VALUES (1,30,'AC','CoolBreeze-3000'),(2,6,'Lights','LED-BrightLite'),(3,17,'Microwave','HeatWave-900'),(4,23,'AC','CoolMax-X1'),(5,21,'Microwave','SmartCook-1200'),(6,20,'Fridge','FrostFree-200'),(7,24,'Fridge','ChillMaster-500'),(8,30,'Fridge','ChillMaster-500'),(9,17,'Microwave','HeatWave-900'),(10,34,'Dryer','UltraDry-800'),(11,13,'AC','CoolBreeze-3000'),(12,30,'Microwave','SmartCook-1200'),(13,40,'Washer','EcoClean-500'),(14,20,'Microwave','SmartCook-1200'),(15,32,'AC','CoolBreeze-3000'),(16,13,'Washer','EcoClean-500'),(17,16,'Fridge','FrostFree-200'),(18,11,'Dryer','QuickDry-700'),(19,19,'Washer','TurboWash-1000'),(20,22,'Washer','EcoClean-500'),(21,38,'Lights','LED-BrightLite'),(22,34,'AC','CoolBreeze-3000'),(23,34,'Microwave','SmartCook-1200'),(24,40,'Fridge','ChillMaster-500'),(25,30,'Lights','LED-BrightLite'),(26,14,'Dryer','QuickDry-700'),(27,33,'Fridge','ChillMaster-500'),(28,29,'Microwave','HeatWave-900'),(29,19,'Fridge','FrostFree-200'),(30,28,'Lights','LED-BrightLite'),(31,14,'Washer','TurboWash-1000'),(32,13,'AC','CoolBreeze-3000'),(33,5,'AC','CoolBreeze-3000'),(34,2,'Microwave','HeatWave-900'),(35,8,'Washer','EcoClean-500'),(36,31,'Lights','LED-BrightLite'),(37,28,'AC','CoolBreeze-3000'),(38,19,'Fridge','ChillMaster-500'),(39,6,'Washer','EcoClean-500'),(40,16,'Washer','EcoClean-500'),(41,32,'Dryer','QuickDry-700'),(42,36,'Washer','TurboWash-1000'),(43,21,'Dryer','QuickDry-700'),(44,30,'Microwave','HeatWave-900'),(45,20,'Fridge','FrostFree-200'),(46,39,'Washer','TurboWash-1000'),(47,7,'Lights','LED-BrightLite'),(48,38,'Microwave','SmartCook-1200'),(49,4,'Washer','TurboWash-1000'),(50,4,'Lights','LED-BrightLite'),(51,26,'AC','CoolBreeze-3000'),(52,37,'Washer','EcoClean-500'),(53,2,'Washer','EcoClean-500'),(54,4,'Microwave','HeatWave-900'),(55,9,'Microwave','HeatWave-900'),(56,29,'Lights','SmartGlow-200'),(57,4,'Microwave','HeatWave-900'),(58,23,'Dryer','QuickDry-700'),(59,33,'Lights','SmartGlow-200'),(60,26,'Microwave','HeatWave-900'),(61,38,'Washer','TurboWash-1000'),(62,35,'Dryer','UltraDry-800'),(63,27,'Lights','LED-BrightLite'),(64,33,'Lights','SmartGlow-200'),(65,6,'Washer','EcoClean-500'),(66,31,'AC','CoolMax-X1'),(67,1,'Fridge','FrostFree-200'),(68,39,'Washer','EcoClean-500'),(69,22,'AC','CoolBreeze-3000'),(70,17,'Fridge','ChillMaster-500'),(71,21,'Dryer','QuickDry-700'),(72,17,'AC','CoolMax-X1'),(73,38,'Washer','EcoClean-500'),(74,23,'AC','CoolBreeze-3000'),(75,20,'Fridge','FrostFree-200'),(76,7,'Washer','EcoClean-500'),(77,34,'AC','CoolMax-X1'),(78,17,'Microwave','HeatWave-900'),(79,22,'Washer','TurboWash-1000'),(80,10,'Washer','TurboWash-1000');
/*!40000 ALTER TABLE `Devices` ENABLE KEYS */;
UNLOCK TABLES;

--
-- Table structure for table `EnergyConsumption`
--

DROP TABLE IF EXISTS `EnergyConsumption`;
/*!40101 SET @saved_cs_client     = @@character_set_client */;
/*!50503 SET character_set_client = utf8mb4 */;
CREATE TABLE `EnergyConsumption` (
  `eventTimestamp` timestamp NOT NULL,
  `eventLabel` varchar(255) DEFAULT NULL,
  `numValue` int DEFAULT NULL,
  `totalEnergyConsumed` decimal(10,2) DEFAULT NULL,
  `deviceID` int NOT NULL,
  `priceTimeID` int DEFAULT NULL,
  PRIMARY KEY (`eventTimestamp`,`deviceID`),
  KEY `deviceID` (`deviceID`),
  KEY `priceTimeID` (`priceTimeID`),
  CONSTRAINT `energyconsumption_ibfk_1` FOREIGN KEY (`deviceID`) REFERENCES `Devices` (`deviceID`),
  CONSTRAINT `energyconsumption_ibfk_2` FOREIGN KEY (`priceTimeID`) REFERENCES `EnergyPrices` (`priceTimeID`)
) ENGINE=InnoDB DEFAULT CHARSET=utf8mb4 COLLATE=utf8mb4_0900_ai_ci;
/*!40101 SET character_set_client = @saved_cs_client */;

--
-- Dumping data for table `EnergyConsumption`
--

LOCK TABLES `EnergyConsumption` WRITE;
/*!40000 ALTER TABLE `EnergyConsumption` DISABLE KEYS */;
INSERT INTO `EnergyConsumption` VALUES ('2022-08-01 05:00:00','door opened',NULL,4.00,27,1),('2022-08-01 06:00:00','turned on',NULL,2.00,56,1),('2022-08-01 07:00:00','quick wash',NULL,4.00,52,2),('2022-08-01 08:00:00','normal',NULL,8.00,49,2),('2022-08-01 09:00:00','temp raised',74,5.00,22,3),('2022-08-01 10:00:00','turned on',NULL,2.00,56,3),('2022-08-01 11:00:00','low',NULL,2.00,12,4),('2022-08-01 12:00:00','turned on',NULL,2.00,21,4),('2022-08-01 13:00:00','ultra',NULL,12.00,42,5),('2022-08-01 14:00:00','medium',NULL,4.00,48,5),('2022-08-01 15:00:00','temp raised',71,5.00,51,6),('2022-08-01 16:00:00','normal',NULL,8.00,41,6),('2022-08-01 17:00:00','door opened',NULL,4.00,67,7),('2022-08-01 18:00:00','medium',NULL,4.00,54,7),('2022-08-01 19:00:00','ultra',NULL,12.00,68,8),('2022-08-01 20:00:00','temp raised',74,5.00,33,8),('2022-08-01 21:00:00','quick dry',NULL,4.00,71,9),('2022-08-01 22:00:00','turned on',NULL,2.00,47,9),('2022-08-01 23:00:00','ultra',NULL,12.00,26,10),('2022-08-02 00:00:00','quick dry',NULL,4.00,10,10),('2022-08-02 01:00:00','temp lowered',74,5.00,74,11),('2022-08-02 02:00:00','turned off',NULL,0.00,2,11),('2022-08-02 03:00:00','door opened',NULL,4.00,70,12),('2022-08-02 04:00:00','temp raised',71,5.00,69,1),('2022-08-02 05:00:00','temp raised',77,5.00,37,1),('2022-08-02 06:00:00','low',NULL,2.00,55,1),('2022-08-02 07:00:00','turned off',NULL,0.00,59,2),('2022-08-02 08:00:00','door closed',NULL,0.00,45,2),('2022-08-02 09:00:00','door closed',NULL,0.00,8,3),('2022-08-02 10:00:00','ultra',NULL,12.00,31,3),('2022-08-02 11:00:00','temp lowered',75,5.00,77,4),('2022-08-02 12:00:00','temp lowered',73,5.00,74,4),('2022-08-02 13:00:00','temp raised',73,5.00,74,5),('2022-08-02 14:00:00','ultra',NULL,12.00,26,5),('2022-08-02 15:00:00','temp lowered',75,5.00,4,6),('2022-08-02 16:00:00','temp raised',72,5.00,51,6),('2022-08-02 17:00:00','turned on',NULL,2.00,30,7),('2022-08-02 18:00:00','door closed',NULL,0.00,7,7),('2022-08-02 19:00:00','temp lowered',73,5.00,72,8),('2022-08-02 20:00:00','medium',NULL,4.00,5,8),('2022-08-02 21:00:00','high',NULL,6.00,44,9),('2022-08-02 22:00:00','normal',NULL,8.00,71,9),('2022-08-02 23:00:00','ultra',NULL,12.00,73,10),('2022-08-03 00:00:00','temp lowered',75,5.00,1,10),('2022-08-03 01:00:00','door closed',NULL,0.00,7,11),('2022-08-03 02:00:00','temp raised',70,5.00,1,11),('2022-08-03 03:00:00','normal',NULL,8.00,16,12),('2022-08-03 04:00:00','quick dry',NULL,4.00,26,1),('2022-08-03 05:00:00','normal',NULL,8.00,53,1),('2022-08-03 06:00:00','turned off',NULL,0.00,25,1),('2022-08-03 07:00:00','medium',NULL,4.00,60,2),('2022-08-03 08:00:00','door closed',NULL,0.00,27,2),('2022-08-03 09:00:00','door closed',NULL,0.00,38,3),('2022-08-03 10:00:00','quick dry',NULL,4.00,26,3),('2022-08-03 11:00:00','normal',NULL,8.00,10,4),('2022-08-03 12:00:00','normal',NULL,8.00,61,4),('2022-08-03 13:00:00','medium',NULL,4.00,57,5),('2022-08-03 14:00:00','turned off',NULL,0.00,30,5),('2022-08-03 15:00:00','temp raised',76,5.00,32,6),('2022-08-03 16:00:00','door closed',NULL,0.00,6,6),('2022-08-03 17:00:00','temp raised',73,5.00,15,7),('2022-08-03 18:00:00','temp lowered',76,5.00,74,7),('2022-08-03 19:00:00','ultra',NULL,12.00,62,8),('2022-08-03 20:00:00','normal',NULL,8.00,13,8),('2022-08-03 21:00:00','ultra',NULL,12.00,43,9),('2022-08-03 22:00:00','door closed',NULL,0.00,17,9),('2022-08-03 23:00:00','temp lowered',74,5.00,51,10),('2022-08-04 00:00:00','turned on',NULL,2.00,36,10),('2022-08-04 01:00:00','ultra',NULL,12.00,58,11),('2022-08-04 02:00:00','temp lowered',70,5.00,11,11),('2022-08-04 03:00:00','medium',NULL,4.00,55,12),('2022-08-04 04:00:00','turned off',NULL,0.00,56,1),('2022-08-04 05:00:00','temp raised',80,5.00,22,1),('2022-08-04 06:00:00','high',NULL,6.00,14,1),('2022-08-04 07:00:00','high',NULL,6.00,14,2),('2022-08-04 08:00:00','temp lowered',70,5.00,1,2),('2022-08-04 09:00:00','quick dry',NULL,4.00,18,3),('2022-08-04 10:00:00','temp lowered',70,5.00,72,3),('2022-08-04 11:00:00','temp raised',75,5.00,51,4),('2022-08-04 12:00:00','door opened',NULL,4.00,27,4),('2022-08-04 13:00:00','door opened',NULL,4.00,27,5),('2022-08-04 14:00:00','temp raised',71,5.00,4,5),('2022-08-04 15:00:00','door opened',NULL,4.00,6,6),('2022-08-04 16:00:00','medium',NULL,4.00,12,6),('2022-08-04 16:00:00','door opened',NULL,4.00,27,6),('2022-08-04 17:00:00','door opened',NULL,4.00,8,7),('2022-08-04 17:00:00','door closed',NULL,0.00,27,7),('2022-08-04 18:00:00','medium',NULL,4.00,28,7),('2022-08-04 19:00:00','ultra',NULL,12.00,42,8),('2022-08-04 20:00:00','turned off',NULL,0.00,2,8),('2022-08-04 21:00:00','door opened',NULL,4.00,67,9),('2022-08-04 22:00:00','medium',NULL,4.00,48,9),('2022-08-04 23:00:00','temp raised',76,5.00,69,10),('2022-08-05 00:00:00','temp raised',80,5.00,32,10),('2022-08-05 01:00:00','medium',NULL,4.00,57,11),('2022-08-05 02:00:00','normal',NULL,8.00,13,11),('2022-08-05 03:00:00','medium',NULL,4.00,28,12),('2022-08-05 04:00:00','quick dry',NULL,4.00,58,1),('2022-08-05 05:00:00','door opened',NULL,4.00,27,1),('2022-08-05 06:00:00','turned off',NULL,0.00,56,1),('2022-08-05 07:00:00','normal',NULL,8.00,73,2),('2022-08-05 08:00:00','low',NULL,2.00,5,2),('2022-08-05 09:00:00','door closed',NULL,0.00,38,3),('2022-08-05 10:00:00','turned on',NULL,2.00,63,3),('2022-08-05 11:00:00','door closed',NULL,0.00,38,4),('2022-08-05 12:00:00','normal',NULL,8.00,20,4),('2022-08-05 13:00:00','quick dry',NULL,4.00,43,5),('2022-08-05 14:00:00','ultra',NULL,12.00,71,5),('2022-08-05 15:00:00','ultra',NULL,12.00,16,6),('2022-08-05 16:00:00','ultra',NULL,12.00,18,6),('2022-08-05 17:00:00','low',NULL,2.00,5,7),('2022-08-05 18:00:00','ultra',NULL,12.00,58,7),('2022-08-05 19:00:00','temp lowered',74,5.00,69,8),('2022-08-05 20:00:00','normal',NULL,8.00,40,8),('2022-08-05 21:00:00','door closed',NULL,0.00,45,9),('2022-08-05 22:00:00','low',NULL,2.00,57,9),('2022-08-05 23:00:00','quick wash',NULL,4.00,31,10),('2022-08-06 00:00:00','low',NULL,2.00,28,10),('2022-08-06 01:00:00','door closed',NULL,0.00,38,11),('2022-08-06 02:00:00','turned off',NULL,0.00,59,11),('2022-08-06 03:00:00','turned on',NULL,2.00,2,12),('2022-08-06 04:00:00','turned off',NULL,0.00,21,1),('2022-08-06 05:00:00','temp lowered',74,5.00,69,1),('2022-08-06 06:00:00','door opened',NULL,4.00,8,1),('2022-08-06 07:00:00','low',NULL,2.00,54,2),('2022-08-06 08:00:00','temp raised',76,5.00,72,2),('2022-08-06 09:00:00','ultra',NULL,12.00,53,3),('2022-08-06 10:00:00','door closed',NULL,0.00,67,3),('2022-08-06 11:00:00','ultra',NULL,12.00,31,4),('2022-08-06 12:00:00','quick dry',NULL,4.00,18,4),('2022-08-06 13:00:00','turned on',NULL,2.00,56,5),('2022-08-06 14:00:00','turned on',NULL,2.00,30,5),('2022-08-06 15:00:00','normal',NULL,8.00,19,6),('2022-08-06 16:00:00','low',NULL,2.00,60,6),('2022-08-06 17:00:00','ultra',NULL,12.00,39,7),('2022-08-06 18:00:00','normal',NULL,8.00,39,7),('2022-08-06 19:00:00','temp raised',76,5.00,66,8),('2022-08-06 20:00:00','temp raised',72,5.00,22,8),('2022-08-06 21:00:00','normal',NULL,8.00,73,9),('2022-08-06 22:00:00','high',NULL,6.00,60,9),('2022-08-06 23:00:00','turned on',NULL,2.00,47,10),('2022-08-07 00:00:00','low',NULL,2.00,60,10),('2022-08-07 01:00:00','turned off',NULL,0.00,50,11),('2022-08-07 02:00:00','door opened',NULL,4.00,8,11),('2022-08-07 03:00:00','normal',NULL,8.00,49,12),('2022-08-07 04:00:00','temp lowered',73,5.00,11,1),('2022-08-07 05:00:00','normal',NULL,8.00,58,1),('2022-08-07 06:00:00','ultra',NULL,12.00,40,1),('2022-08-07 07:00:00','quick wash',NULL,4.00,16,2),('2022-08-07 08:00:00','turned on',NULL,2.00,21,2),('2022-08-07 09:00:00','door opened',NULL,4.00,27,3),('2022-08-07 10:00:00','medium',NULL,4.00,48,3),('2022-08-07 11:00:00','quick wash',NULL,4.00,35,4),('2022-08-07 12:00:00','door closed',NULL,0.00,17,4),('2022-08-07 13:00:00','normal',NULL,8.00,31,5),('2022-08-07 14:00:00','ultra',NULL,12.00,26,5),('2022-08-07 15:00:00','turned on',NULL,2.00,2,6),('2022-08-07 16:00:00','door opened',NULL,4.00,38,6),('2022-08-07 17:00:00','medium',NULL,4.00,23,7),('2022-08-07 18:00:00','quick dry',NULL,4.00,41,7),('2022-08-07 19:00:00','temp raised',75,5.00,33,8),('2022-08-07 20:00:00','temp lowered',76,5.00,72,8),('2022-08-07 21:00:00','quick dry',NULL,4.00,62,9),('2022-08-07 22:00:00','ultra',NULL,12.00,62,9),('2022-08-07 23:00:00','temp raised',77,5.00,72,10),('2022-08-08 00:00:00','temp raised',74,5.00,1,10),('2022-08-08 01:00:00','door closed',NULL,0.00,27,11),('2022-08-08 02:00:00','ultra',NULL,12.00,10,11),('2022-08-08 03:00:00','quick wash',NULL,4.00,73,12),('2022-08-08 04:00:00','temp raised',80,5.00,69,1),('2022-08-08 05:00:00','quick dry',NULL,4.00,43,1),('2022-08-08 06:00:00','turned on',NULL,2.00,36,1),('2022-08-08 07:00:00','medium',NULL,4.00,3,2),('2022-08-08 08:00:00','medium',NULL,4.00,57,2),('2022-08-08 09:00:00','turned off',NULL,0.00,36,3),('2022-08-08 10:00:00','ultra',NULL,12.00,10,3),('2022-08-08 11:00:00','temp raised',72,5.00,74,4),('2022-08-08 12:00:00','normal',NULL,8.00,80,4),('2022-08-08 13:00:00','turned off',NULL,0.00,2,5),('2022-08-08 14:00:00','quick wash',NULL,4.00,35,5),('2022-08-08 15:00:00','normal',NULL,8.00,79,6),('2022-08-08 16:00:00','low',NULL,2.00,5,6),('2022-08-08 17:00:00','turned on',NULL,2.00,63,7),('2022-08-08 18:00:00','normal',NULL,8.00,52,7),('2022-08-08 19:00:00','low',NULL,2.00,12,8),('2022-08-08 20:00:00','high',NULL,6.00,28,8),('2022-08-08 21:00:00','high',NULL,6.00,44,9),('2022-08-08 22:00:00','temp lowered',80,5.00,15,9),('2022-08-08 23:00:00','temp raised',74,5.00,1,10),('2022-08-09 00:00:00','turned on',NULL,2.00,47,10),('2022-08-09 01:00:00','door closed',NULL,0.00,38,11),('2022-08-09 02:00:00','normal',NULL,8.00,52,11),('2022-08-09 03:00:00','ultra',NULL,12.00,20,12),('2022-08-09 04:00:00','normal',NULL,8.00,18,1),('2022-08-09 05:00:00','temp lowered',80,5.00,77,1),('2022-08-09 06:00:00','temp lowered',74,5.00,74,1),('2022-08-09 07:00:00','normal',NULL,8.00,79,2),('2022-08-09 08:00:00','temp raised',71,5.00,51,2),('2022-08-09 09:00:00','normal',NULL,8.00,43,3),('2022-08-09 10:00:00','normal',NULL,8.00,65,3),('2022-08-09 11:00:00','ultra',NULL,12.00,62,4),('2022-08-09 12:00:00','ultra',NULL,12.00,10,4),('2022-08-09 13:00:00','turned off',NULL,0.00,47,5),('2022-08-09 14:00:00','medium',NULL,4.00,9,5),('2022-08-09 15:00:00','door opened',NULL,4.00,6,6),('2022-08-09 16:00:00','ultra',NULL,12.00,52,6),('2022-08-09 17:00:00','turned off',NULL,0.00,21,7),('2022-08-09 18:00:00','door closed',NULL,0.00,17,7),('2022-08-09 19:00:00','temp raised',76,5.00,4,8),('2022-08-09 20:00:00','temp lowered',71,5.00,22,8),('2022-08-09 21:00:00','high',NULL,6.00,60,9),('2022-08-09 22:00:00','high',NULL,6.00,5,9),('2022-08-09 23:00:00','normal',NULL,8.00,16,10),('2022-08-10 00:00:00','temp raised',80,5.00,33,10),('2022-08-10 01:00:00','temp raised',76,5.00,37,11),('2022-08-10 02:00:00','quick wash',NULL,4.00,31,11),('2022-08-10 03:00:00','quick dry',NULL,4.00,41,12),('2022-08-10 04:00:00','quick dry',NULL,4.00,43,1),('2022-08-10 05:00:00','temp raised',74,5.00,1,1),('2022-08-10 06:00:00','door closed',NULL,0.00,27,1),('2022-08-10 07:00:00','door opened',NULL,4.00,6,2),('2022-08-10 08:00:00','door opened',NULL,4.00,27,2),('2022-08-10 09:00:00','quick dry',NULL,4.00,41,3),('2022-08-10 10:00:00','turned off',NULL,0.00,21,3),('2022-08-10 11:00:00','normal',NULL,8.00,53,4),('2022-08-10 12:00:00','door closed',NULL,0.00,75,4),('2022-08-10 13:00:00','high',NULL,6.00,28,5),('2022-08-10 14:00:00','medium',NULL,4.00,55,5),('2022-08-10 15:00:00','low',NULL,2.00,14,6),('2022-08-10 16:00:00','medium',NULL,4.00,5,6),('2022-08-10 17:00:00','turned on',NULL,2.00,64,7),('2022-08-10 18:00:00','turned on',NULL,2.00,64,7),('2022-08-10 19:00:00','turned off',NULL,0.00,63,8),('2022-08-10 20:00:00','temp lowered',76,5.00,22,8),('2022-08-10 21:00:00','ultra',NULL,12.00,65,9),('2022-08-10 22:00:00','high',NULL,6.00,14,9),('2022-08-10 23:00:00','turned off',NULL,0.00,36,10),('2022-08-11 00:00:00','door closed',NULL,0.00,17,10),('2022-08-11 01:00:00','temp lowered',76,5.00,33,11),('2022-08-11 02:00:00','low',NULL,2.00,14,11),('2022-08-11 03:00:00','high',NULL,6.00,55,12),('2022-08-11 04:00:00','temp raised',79,5.00,74,1),('2022-08-11 05:00:00','normal',NULL,8.00,68,1),('2022-08-11 06:00:00','medium',NULL,4.00,34,1),('2022-08-11 07:00:00','door opened',NULL,4.00,70,2),('2022-08-11 08:00:00','temp raised',72,5.00,51,2),('2022-08-11 09:00:00','door opened',NULL,4.00,17,3),('2022-08-11 10:00:00','normal',NULL,8.00,43,3),('2022-08-11 11:00:00','medium',NULL,4.00,9,4),('2022-08-11 12:00:00','quick wash',NULL,4.00,73,4),('2022-08-11 13:00:00','door closed',NULL,0.00,45,5),('2022-08-11 14:00:00','ultra',NULL,12.00,61,5),('2022-08-11 15:00:00','door closed',NULL,0.00,8,6),('2022-08-11 16:00:00','normal',NULL,8.00,68,6),('2022-08-11 17:00:00','turned on',NULL,2.00,50,7),('2022-08-11 18:00:00','temp raised',78,5.00,32,7),('2022-08-11 19:00:00','temp raised',72,5.00,4,8),('2022-08-11 20:00:00','normal',NULL,8.00,43,8),('2022-08-11 21:00:00','turned on',NULL,2.00,50,9),('2022-08-11 22:00:00','turned on',NULL,2.00,36,9),('2022-08-11 23:00:00','turned on',NULL,2.00,50,10),('2022-08-12 00:00:00','turned off',NULL,0.00,25,10),('2022-08-12 01:00:00','ultra',NULL,12.00,71,11),('2022-08-12 02:00:00','low',NULL,2.00,5,11),('2022-08-12 03:00:00','ultra',NULL,12.00,10,12),('2022-08-12 04:00:00','low',NULL,2.00,44,1),('2022-08-12 05:00:00','quick wash',NULL,4.00,40,1),('2022-08-12 06:00:00','quick dry',NULL,4.00,10,1),('2022-08-12 07:00:00','quick wash',NULL,4.00,13,2),('2022-08-12 08:00:00','normal',NULL,8.00,16,2),('2022-08-12 09:00:00','temp raised',77,5.00,32,3),('2022-08-12 10:00:00','door closed',NULL,0.00,75,3),('2022-08-12 11:00:00','quick dry',NULL,4.00,26,4),('2022-08-12 12:00:00','quick wash',NULL,4.00,35,4),('2022-08-12 13:00:00','low',NULL,2.00,54,5),('2022-08-12 14:00:00','normal',NULL,8.00,18,5),('2022-08-12 15:00:00','normal',NULL,8.00,68,6),('2022-08-12 16:00:00','temp raised',71,5.00,72,6),('2022-08-12 17:00:00','ultra',NULL,12.00,18,7),('2022-08-12 18:00:00','door opened',NULL,4.00,29,7),('2022-08-12 19:00:00','door closed',NULL,0.00,27,8),('2022-08-12 20:00:00','low',NULL,2.00,54,8),('2022-08-12 21:00:00','normal',NULL,8.00,40,9),('2022-08-12 22:00:00','turned off',NULL,0.00,56,9),('2022-08-12 23:00:00','door closed',NULL,0.00,24,10),('2022-08-13 00:00:00','quick wash',NULL,4.00,79,10),('2022-08-13 01:00:00','medium',NULL,4.00,57,11),('2022-08-13 02:00:00','normal',NULL,8.00,80,11),('2022-08-13 03:00:00','quick wash',NULL,4.00,52,12),('2022-08-13 04:00:00','quick wash',NULL,4.00,79,1),('2022-08-13 05:00:00','turned off',NULL,0.00,56,1),('2022-08-13 06:00:00','temp raised',75,5.00,37,1),('2022-08-13 07:00:00','turned on',NULL,2.00,56,2),('2022-08-13 08:00:00','turned off',NULL,0.00,25,2),('2022-08-13 09:00:00','turned off',NULL,0.00,59,3),('2022-08-13 10:00:00','quick dry',NULL,4.00,10,3),('2022-08-13 11:00:00','turned off',NULL,0.00,21,4),('2022-08-13 12:00:00','ultra',NULL,12.00,26,4),('2022-08-13 13:00:00','door closed',NULL,0.00,8,5),('2022-08-13 14:00:00','turned off',NULL,0.00,47,5),('2022-08-13 15:00:00','door opened',NULL,4.00,27,6),('2022-08-13 16:00:00','temp lowered',75,5.00,51,6),('2022-08-13 17:00:00','door closed',NULL,0.00,29,7),('2022-08-13 18:00:00','ultra',NULL,12.00,43,7),('2022-08-13 19:00:00','low',NULL,2.00,5,8),('2022-08-13 20:00:00','normal',NULL,8.00,58,8),('2022-08-13 21:00:00','high',NULL,6.00,23,9),('2022-08-13 22:00:00','normal',NULL,8.00,58,9),('2022-08-13 23:00:00','door opened',NULL,4.00,38,10),('2022-08-14 00:00:00','turned off',NULL,0.00,50,10),('2022-08-14 01:00:00','medium',NULL,4.00,44,11),('2022-08-14 02:00:00','low',NULL,2.00,23,11),('2022-08-14 03:00:00','temp raised',79,5.00,32,12),('2022-08-14 04:00:00','door opened',NULL,4.00,27,1),('2022-08-14 05:00:00','low',NULL,2.00,44,1),('2022-08-14 06:00:00','high',NULL,6.00,12,1),('2022-08-14 07:00:00','quick wash',NULL,4.00,35,2),('2022-08-14 08:00:00','temp raised',76,5.00,1,2),('2022-08-14 09:00:00','turned on',NULL,2.00,2,3),('2022-08-14 10:00:00','door opened',NULL,4.00,7,3),('2022-08-14 11:00:00','turned off',NULL,0.00,25,4),('2022-08-14 12:00:00','normal',NULL,8.00,71,4),('2022-08-14 13:00:00','ultra',NULL,12.00,10,5),('2022-08-14 14:00:00','ultra',NULL,12.00,71,5),('2022-08-14 15:00:00','low',NULL,2.00,78,6),('2022-08-14 16:00:00','high',NULL,6.00,48,6),('2022-08-14 17:00:00','medium',NULL,4.00,28,7),('2022-08-14 18:00:00','medium',NULL,4.00,34,7),('2022-08-14 19:00:00','high',NULL,6.00,23,8),('2022-08-14 20:00:00','normal',NULL,8.00,62,8),('2022-08-14 21:00:00','quick wash',NULL,4.00,46,9),('2022-08-14 22:00:00','door closed',NULL,0.00,29,9),('2022-08-14 23:00:00','door closed',NULL,0.00,29,10),('2022-08-15 00:00:00','door opened',NULL,4.00,17,10),('2022-08-15 01:00:00','ultra',NULL,12.00,18,11),('2022-08-15 02:00:00','normal',NULL,8.00,68,11),('2022-08-15 03:00:00','low',NULL,2.00,5,12),('2022-08-15 04:00:00','ultra',NULL,12.00,65,1),('2022-08-15 05:00:00','normal',NULL,8.00,58,1),('2022-08-15 06:00:00','quick wash',NULL,4.00,79,1),('2022-08-15 07:00:00','temp raised',74,5.00,33,2),('2022-08-15 08:00:00','high',NULL,6.00,54,2),('2022-08-15 09:00:00','ultra',NULL,12.00,20,3),('2022-08-15 10:00:00','normal',NULL,8.00,18,3),('2022-08-15 11:00:00','quick dry',NULL,4.00,43,4),('2022-08-15 12:00:00','turned on',NULL,2.00,50,4),('2022-08-15 13:00:00','quick dry',NULL,4.00,10,5),('2022-08-15 14:00:00','temp raised',74,5.00,51,5),('2022-08-15 15:00:00','high',NULL,6.00,28,6),('2022-08-15 16:00:00','normal',NULL,8.00,20,6),('2022-08-15 17:00:00','low',NULL,2.00,9,7),('2022-08-15 18:00:00','temp raised',75,5.00,4,7),('2022-08-15 19:00:00','normal',NULL,8.00,73,8),('2022-08-15 20:00:00','normal',NULL,8.00,58,8),('2022-08-15 21:00:00','turned on',NULL,2.00,56,9),('2022-08-15 22:00:00','quick wash',NULL,4.00,46,9),('2022-08-15 23:00:00','temp raised',74,5.00,37,10),('2022-08-16 00:00:00','normal',NULL,8.00,10,10),('2022-08-16 01:00:00','turned off',NULL,0.00,2,11),('2022-08-16 02:00:00','door opened',NULL,4.00,38,11),('2022-08-16 03:00:00','normal',NULL,8.00,65,12),('2022-08-16 04:00:00','temp raised',80,5.00,37,1),('2022-08-16 05:00:00','turned off',NULL,0.00,47,1),('2022-08-16 06:00:00','temp raised',79,5.00,4,1),('2022-08-16 07:00:00','turned off',NULL,0.00,64,2),('2022-08-16 08:00:00','temp lowered',75,5.00,32,2),('2022-08-16 09:00:00','door opened',NULL,4.00,45,3),('2022-08-16 10:00:00','ultra',NULL,12.00,73,3),('2022-08-16 11:00:00','quick wash',NULL,4.00,39,4),('2022-08-16 12:00:00','turned on',NULL,2.00,56,4),('2022-08-16 13:00:00','normal',NULL,8.00,10,5),('2022-08-16 14:00:00','high',NULL,6.00,5,5),('2022-08-16 15:00:00','temp raised',78,5.00,72,6),('2022-08-16 16:00:00','door opened',NULL,4.00,29,6),('2022-08-16 17:00:00','medium',NULL,4.00,28,7),('2022-08-16 18:00:00','low',NULL,2.00,23,7),('2022-08-16 19:00:00','ultra',NULL,12.00,53,8),('2022-08-16 20:00:00','temp lowered',73,5.00,11,8),('2022-08-16 21:00:00','high',NULL,6.00,34,9),('2022-08-16 22:00:00','high',NULL,6.00,55,9),('2022-08-16 23:00:00','low',NULL,2.00,23,10),('2022-08-17 00:00:00','turned off',NULL,0.00,56,10),('2022-08-17 01:00:00','ultra',NULL,12.00,18,11),('2022-08-17 02:00:00','door opened',NULL,4.00,29,11),('2022-08-17 03:00:00','low',NULL,2.00,60,12),('2022-08-17 04:00:00','high',NULL,6.00,48,1),('2022-08-17 05:00:00','quick wash',NULL,4.00,65,1),('2022-08-17 06:00:00','temp lowered',78,5.00,11,1),('2022-08-17 07:00:00','ultra',NULL,12.00,18,2),('2022-08-17 08:00:00','ultra',NULL,12.00,16,2),('2022-08-17 09:00:00','turned off',NULL,0.00,47,3),('2022-08-17 10:00:00','quick wash',NULL,4.00,76,3),('2022-08-17 11:00:00','ultra',NULL,12.00,20,4),('2022-08-17 12:00:00','turned on',NULL,2.00,50,4),('2022-08-17 13:00:00','turned off',NULL,0.00,25,5),('2022-08-17 14:00:00','turned on',NULL,2.00,56,5),('2022-08-17 15:00:00','medium',NULL,4.00,57,6),('2022-08-17 16:00:00','door closed',NULL,0.00,70,6),('2022-08-17 17:00:00','low',NULL,2.00,44,7),('2022-08-17 18:00:00','door closed',NULL,0.00,38,7),('2022-08-17 19:00:00','door closed',NULL,0.00,38,8),('2022-08-17 20:00:00','door opened',NULL,4.00,38,8),('2022-08-17 21:00:00','quick dry',NULL,4.00,41,9),('2022-08-17 22:00:00','temp lowered',71,5.00,1,9),('2022-08-17 23:00:00','door opened',NULL,4.00,24,10),('2022-08-18 00:00:00','turned off',NULL,0.00,30,10),('2022-08-18 01:00:00','temp lowered',74,5.00,66,11),('2022-08-18 02:00:00','medium',NULL,4.00,44,11),('2022-08-18 03:00:00','normal',NULL,8.00,18,12),('2022-08-18 04:00:00','ultra',NULL,12.00,42,1),('2022-08-18 05:00:00','quick dry',NULL,4.00,41,1),('2022-08-18 06:00:00','low',NULL,2.00,34,1),('2022-08-18 07:00:00','ultra',NULL,12.00,39,2),('2022-08-18 08:00:00','temp raised',77,5.00,72,2),('2022-08-18 09:00:00','temp lowered',72,5.00,1,3),('2022-08-18 10:00:00','door closed',NULL,0.00,27,3),('2022-08-18 11:00:00','quick wash',NULL,4.00,76,4),('2022-08-18 12:00:00','high',NULL,6.00,34,4),('2022-08-18 13:00:00','turned on',NULL,2.00,21,5),('2022-08-18 14:00:00','high',NULL,6.00,78,5),('2022-08-18 15:00:00','temp raised',77,5.00,77,6),('2022-08-18 16:00:00','medium',NULL,4.00,23,6),('2022-08-18 17:00:00','door closed',NULL,0.00,38,7),('2022-08-18 18:00:00','temp raised',76,5.00,37,7),('2022-08-18 19:00:00','quick dry',NULL,4.00,58,8),('2022-08-18 20:00:00','normal',NULL,8.00,58,8),('2022-08-18 21:00:00','ultra',NULL,12.00,68,9),('2022-08-18 22:00:00','temp raised',78,5.00,66,9),('2022-08-18 23:00:00','temp raised',71,5.00,69,10),('2022-08-19 00:00:00','normal',NULL,8.00,19,10),('2022-08-19 01:00:00','door closed',NULL,0.00,17,11),('2022-08-19 02:00:00','low',NULL,2.00,14,11),('2022-08-19 03:00:00','ultra',NULL,12.00,62,12),('2022-08-19 04:00:00','turned off',NULL,0.00,2,1),('2022-08-19 05:00:00','door opened',NULL,4.00,67,1),('2022-08-19 06:00:00','ultra',NULL,12.00,71,1),('2022-08-19 07:00:00','turned on',NULL,2.00,36,2),('2022-08-19 08:00:00','low',NULL,2.00,5,2),('2022-08-19 09:00:00','quick dry',NULL,4.00,10,3),('2022-08-19 10:00:00','turned off',NULL,0.00,25,3),('2022-08-19 11:00:00','quick wash',NULL,4.00,35,4),('2022-08-19 12:00:00','temp raised',77,5.00,1,4),('2022-08-19 13:00:00','temp raised',76,5.00,33,5),('2022-08-19 14:00:00','turned on',NULL,2.00,64,5),('2022-08-19 15:00:00','high',NULL,6.00,55,6),('2022-08-19 16:00:00','turned off',NULL,0.00,63,6),('2022-08-19 17:00:00','door opened',NULL,4.00,8,7),('2022-08-19 18:00:00','quick dry',NULL,4.00,58,7),('2022-08-19 19:00:00','temp lowered',74,5.00,77,8),('2022-08-19 20:00:00','low',NULL,2.00,5,8),('2022-08-19 21:00:00','turned on',NULL,2.00,21,9),('2022-08-19 22:00:00','ultra',NULL,12.00,76,9),('2022-08-19 23:00:00','medium',NULL,4.00,23,10),('2022-08-20 00:00:00','high',NULL,6.00,57,10),('2022-08-20 01:00:00','temp raised',76,5.00,1,11),('2022-08-20 02:00:00','door opened',NULL,4.00,27,11),('2022-08-20 03:00:00','medium',NULL,4.00,78,12),('2022-08-20 04:00:00','turned on',NULL,2.00,50,1),('2022-08-20 05:00:00','high',NULL,6.00,34,1),('2022-08-20 06:00:00','turned off',NULL,0.00,59,1),('2022-08-20 07:00:00','quick wash',NULL,4.00,76,2),('2022-08-20 08:00:00','turned on',NULL,2.00,36,2),('2022-08-20 09:00:00','turned off',NULL,0.00,25,3),('2022-08-20 10:00:00','door closed',NULL,0.00,45,3),('2022-08-20 11:00:00','door closed',NULL,0.00,67,4),('2022-08-20 12:00:00','ultra',NULL,12.00,46,4),('2022-08-20 13:00:00','temp lowered',80,5.00,11,5),('2022-08-20 14:00:00','door closed',NULL,0.00,38,5),('2022-08-20 15:00:00','turned on',NULL,2.00,2,6),('2022-08-20 16:00:00','ultra',NULL,12.00,76,6),('2022-08-20 17:00:00','turned off',NULL,0.00,64,7),('2022-08-20 18:00:00','normal',NULL,8.00,13,7),('2022-08-20 19:00:00','normal',NULL,8.00,41,8),('2022-08-20 20:00:00','temp lowered',78,5.00,72,8),('2022-08-20 21:00:00','door closed',NULL,0.00,67,9),('2022-08-20 22:00:00','door opened',NULL,4.00,27,9),('2022-08-20 23:00:00','door opened',NULL,4.00,29,10),('2022-08-21 00:00:00','turned on',NULL,2.00,63,10),('2022-08-21 01:00:00','temp raised',71,5.00,51,11),('2022-08-21 02:00:00','door opened',NULL,4.00,45,11),('2022-08-21 03:00:00','door closed',NULL,0.00,67,12),('2022-08-21 04:00:00','turned on',NULL,2.00,30,1),('2022-08-21 05:00:00','temp lowered',77,5.00,69,1),('2022-08-21 06:00:00','door closed',NULL,0.00,17,1),('2022-08-21 07:00:00','quick wash',NULL,4.00,68,2),('2022-08-21 08:00:00','turned off',NULL,0.00,25,2),('2022-08-21 09:00:00','ultra',NULL,12.00,10,3),('2022-08-21 10:00:00','quick dry',NULL,4.00,18,3),('2022-08-21 11:00:00','turned on',NULL,2.00,30,4),('2022-08-21 12:00:00','ultra',NULL,12.00,80,4),('2022-08-21 13:00:00','door opened',NULL,4.00,27,5),('2022-08-21 14:00:00','turned on',NULL,2.00,59,5),('2022-08-21 15:00:00','turned off',NULL,0.00,21,6),('2022-08-21 16:00:00','high',NULL,6.00,54,6),('2022-08-21 17:00:00','turned off',NULL,0.00,63,7),('2022-08-21 18:00:00','high',NULL,6.00,12,7),('2022-08-21 19:00:00','turned on',NULL,2.00,25,8),('2022-08-21 20:00:00','ultra',NULL,12.00,18,8),('2022-08-21 21:00:00','door opened',NULL,4.00,24,9),('2022-08-21 22:00:00','normal',NULL,8.00,49,9),('2022-08-21 23:00:00','turned on',NULL,2.00,21,10),('2022-08-22 00:00:00','door opened',NULL,4.00,38,10),('2022-08-22 01:00:00','ultra',NULL,12.00,20,11),('2022-08-22 02:00:00','low',NULL,2.00,9,11),('2022-08-22 03:00:00','normal',NULL,8.00,52,12),('2022-08-22 04:00:00','high',NULL,6.00,55,1),('2022-08-22 05:00:00','turned off',NULL,0.00,56,1),('2022-08-22 06:00:00','high',NULL,6.00,28,1),('2022-08-22 07:00:00','temp raised',77,5.00,72,2),('2022-08-22 08:00:00','turned off',NULL,0.00,2,2),('2022-08-22 09:00:00','medium',NULL,4.00,9,3),('2022-08-22 10:00:00','temp lowered',74,5.00,69,3),('2022-08-22 11:00:00','ultra',NULL,12.00,10,4),('2022-08-22 12:00:00','medium',NULL,4.00,78,4),('2022-08-22 13:00:00','door opened',NULL,4.00,24,5),('2022-08-22 14:00:00','turned off',NULL,0.00,64,5),('2022-08-22 15:00:00','temp lowered',80,5.00,22,6),('2022-08-22 16:00:00','turned off',NULL,0.00,21,6),('2022-08-22 17:00:00','normal',NULL,8.00,43,7),('2022-08-22 18:00:00','turned on',NULL,2.00,21,7),('2022-08-22 19:00:00','door opened',NULL,4.00,24,8),('2022-08-22 20:00:00','normal',NULL,8.00,43,8),('2022-08-22 21:00:00','high',NULL,6.00,60,9),('2022-08-22 22:00:00','high',NULL,6.00,48,9),('2022-08-22 23:00:00','quick dry',NULL,4.00,26,10),('2022-08-23 00:00:00','ultra',NULL,12.00,43,10),('2022-08-23 01:00:00','high',NULL,6.00,48,11),('2022-08-23 02:00:00','door closed',NULL,0.00,6,11),('2022-08-23 03:00:00','door closed',NULL,0.00,8,12),('2022-08-23 04:00:00','ultra',NULL,12.00,68,1),('2022-08-23 05:00:00','ultra',NULL,12.00,42,1),('2022-08-23 06:00:00','ultra',NULL,12.00,20,1),('2022-08-23 07:00:00','high',NULL,6.00,57,2),('2022-08-23 08:00:00','ultra',NULL,12.00,20,2),('2022-08-23 09:00:00','quick dry',NULL,4.00,43,3),('2022-08-23 10:00:00','temp lowered',78,5.00,77,3),('2022-08-23 11:00:00','normal',NULL,8.00,18,4),('2022-08-23 12:00:00','medium',NULL,4.00,23,4),('2022-08-23 13:00:00','turned off',NULL,0.00,47,5),('2022-08-23 14:00:00','quick wash',NULL,4.00,49,5),('2022-08-23 15:00:00','normal',NULL,8.00,53,6),('2022-08-23 16:00:00','turned on',NULL,2.00,2,6),('2022-08-23 17:00:00','normal',NULL,8.00,39,7),('2022-08-23 18:00:00','turned off',NULL,0.00,36,7),('2022-08-23 19:00:00','low',NULL,2.00,54,8),('2022-08-23 20:00:00','quick dry',NULL,4.00,71,8),('2022-08-23 21:00:00','door opened',NULL,4.00,75,9),('2022-08-23 22:00:00','normal',NULL,8.00,18,9),('2022-08-23 23:00:00','quick wash',NULL,4.00,42,10),('2022-08-24 00:00:00','temp raised',71,5.00,22,10),('2022-08-24 01:00:00','ultra',NULL,12.00,43,11),('2022-08-24 02:00:00','quick dry',NULL,4.00,43,11),('2022-08-24 03:00:00','turned on',NULL,2.00,63,12),('2022-08-24 04:00:00','quick wash',NULL,4.00,73,1),('2022-08-24 05:00:00','ultra',NULL,12.00,62,1),('2022-08-24 06:00:00','temp raised',75,5.00,22,1),('2022-08-24 07:00:00','temp lowered',76,5.00,77,2),('2022-08-24 08:00:00','quick wash',NULL,4.00,53,2),('2022-08-24 09:00:00','temp lowered',72,5.00,51,3),('2022-08-24 10:00:00','turned on',NULL,2.00,30,3),('2022-08-24 11:00:00','temp lowered',71,5.00,66,4),('2022-08-24 12:00:00','door closed',NULL,0.00,6,4),('2022-08-24 13:00:00','door opened',NULL,4.00,17,5),('2022-08-24 14:00:00','quick dry',NULL,4.00,26,5),('2022-08-24 15:00:00','turned on',NULL,2.00,59,6),('2022-08-24 16:00:00','normal',NULL,8.00,26,6),('2022-08-24 17:00:00','turned off',NULL,0.00,25,7),('2022-08-24 18:00:00','turned off',NULL,0.00,21,7),('2022-08-24 19:00:00','high',NULL,6.00,5,8),('2022-08-24 20:00:00','door opened',NULL,4.00,75,8),('2022-08-24 21:00:00','door closed',NULL,0.00,67,9),('2022-08-24 22:00:00','turned on',NULL,2.00,2,9),('2022-08-24 23:00:00','quick dry',NULL,4.00,18,10),('2022-08-25 00:00:00','medium',NULL,4.00,23,10),('2022-08-25 01:00:00','quick wash',NULL,4.00,68,11),('2022-08-25 02:00:00','normal',NULL,8.00,80,11),('2022-08-25 03:00:00','turned off',NULL,0.00,50,12),('2022-08-25 04:00:00','ultra',NULL,12.00,10,1),('2022-08-25 05:00:00','door closed',NULL,0.00,17,1),('2022-08-25 06:00:00','door opened',NULL,4.00,67,1),('2022-08-25 07:00:00','turned off',NULL,0.00,36,2),('2022-08-25 08:00:00','normal',NULL,8.00,41,2),('2022-08-25 09:00:00','high',NULL,6.00,9,3),('2022-08-25 10:00:00','ultra',NULL,12.00,26,3),('2022-08-25 11:00:00','medium',NULL,4.00,5,4),('2022-08-25 12:00:00','normal',NULL,8.00,79,4),('2022-08-25 13:00:00','temp lowered',79,5.00,32,5),('2022-08-25 14:00:00','normal',NULL,8.00,68,5),('2022-08-25 15:00:00','normal',NULL,8.00,16,6),('2022-08-25 16:00:00','temp lowered',78,5.00,22,6),('2022-08-25 17:00:00','low',NULL,2.00,3,7),('2022-08-25 18:00:00','high',NULL,6.00,9,7),('2022-08-25 19:00:00','door closed',NULL,0.00,75,8),('2022-08-25 20:00:00','turned off',NULL,0.00,63,8),('2022-08-25 21:00:00','normal',NULL,8.00,43,9),('2022-08-25 22:00:00','turned off',NULL,0.00,63,9),('2022-08-25 23:00:00','ultra',NULL,12.00,65,10),('2022-08-26 00:00:00','medium',NULL,4.00,44,10),('2022-08-26 01:00:00','temp lowered',75,5.00,66,11),('2022-08-26 02:00:00','normal',NULL,8.00,52,11),('2022-08-26 03:00:00','door opened',NULL,4.00,67,12),('2022-08-26 04:00:00','quick dry',NULL,4.00,71,1),('2022-08-26 05:00:00','ultra',NULL,12.00,39,1),('2022-08-26 06:00:00','temp lowered',70,5.00,77,1),('2022-08-26 07:00:00','temp raised',79,5.00,77,2),('2022-08-26 08:00:00','door closed',NULL,0.00,70,2),('2022-08-26 09:00:00','high',NULL,6.00,48,3),('2022-08-26 10:00:00','turned off',NULL,0.00,25,3),('2022-08-26 11:00:00','turned on',NULL,2.00,63,4),('2022-08-26 12:00:00','quick dry',NULL,4.00,18,4),('2022-08-26 13:00:00','normal',NULL,8.00,19,5),('2022-08-26 14:00:00','high',NULL,6.00,44,5),('2022-08-26 15:00:00','door closed',NULL,0.00,6,6),('2022-08-26 16:00:00','temp raised',77,5.00,33,6),('2022-08-26 17:00:00','normal',NULL,8.00,40,7),('2022-08-26 18:00:00','normal',NULL,8.00,26,7),('2022-08-26 19:00:00','door opened',NULL,4.00,17,8),('2022-08-26 20:00:00','low',NULL,2.00,9,8),('2022-08-26 21:00:00','normal',NULL,8.00,65,9),('2022-08-26 22:00:00','normal',NULL,8.00,71,9),('2022-08-26 23:00:00','turned off',NULL,0.00,36,10),('2022-08-27 00:00:00','normal',NULL,8.00,35,10),('2022-08-27 01:00:00','normal',NULL,8.00,41,11),('2022-08-27 02:00:00','temp raised',72,5.00,51,11),('2022-08-27 03:00:00','normal',NULL,8.00,39,12),('2022-08-27 04:00:00','high',NULL,6.00,34,1),('2022-08-27 05:00:00','normal',NULL,8.00,20,1),('2022-08-27 06:00:00','quick dry',NULL,4.00,43,1),('2022-08-27 07:00:00','quick dry',NULL,4.00,18,2),('2022-08-27 08:00:00','door opened',NULL,4.00,75,2),('2022-08-27 09:00:00','temp raised',73,5.00,4,3),('2022-08-27 10:00:00','ultra',NULL,12.00,58,3),('2022-08-27 11:00:00','low',NULL,2.00,78,4),('2022-08-27 12:00:00','temp lowered',74,5.00,1,4),('2022-08-27 13:00:00','normal',NULL,8.00,42,5),('2022-08-27 14:00:00','quick wash',NULL,4.00,80,5),('2022-08-27 15:00:00','low',NULL,2.00,28,6),('2022-08-27 16:00:00','quick dry',NULL,4.00,71,6),('2022-08-27 17:00:00','high',NULL,6.00,3,7),('2022-08-27 18:00:00','temp raised',70,5.00,77,7),('2022-08-27 19:00:00','quick dry',NULL,4.00,18,8),('2022-08-27 20:00:00','ultra',NULL,12.00,62,8),('2022-08-27 21:00:00','door opened',NULL,4.00,38,9),('2022-08-27 22:00:00','door closed',NULL,0.00,6,9),('2022-08-27 23:00:00','ultra',NULL,12.00,31,10),('2022-08-28 00:00:00','door closed',NULL,0.00,67,10),('2022-08-28 01:00:00','door opened',NULL,4.00,27,11),('2022-08-28 02:00:00','turned on',NULL,2.00,47,11),('2022-08-28 03:00:00','turned on',NULL,2.00,36,12),('2022-08-28 04:00:00','temp raised',77,5.00,74,1),('2022-08-28 05:00:00','ultra',NULL,12.00,13,1),('2022-08-28 06:00:00','medium',NULL,4.00,14,1),('2022-08-28 07:00:00','turned on',NULL,2.00,63,2),('2022-08-28 08:00:00','normal',NULL,8.00,79,2),('2022-08-28 09:00:00','low',NULL,2.00,34,3),('2022-08-28 10:00:00','quick wash',NULL,4.00,65,3),('2022-08-28 11:00:00','temp lowered',71,5.00,22,4),('2022-08-28 12:00:00','medium',NULL,4.00,28,4),('2022-08-28 13:00:00','temp raised',78,5.00,66,5),('2022-08-28 14:00:00','quick wash',NULL,4.00,39,5),('2022-08-28 15:00:00','medium',NULL,4.00,48,6),('2022-08-28 16:00:00','turned off',NULL,0.00,63,6),('2022-08-28 17:00:00','temp raised',75,5.00,32,7),('2022-08-28 18:00:00','medium',NULL,4.00,54,7),('2022-08-28 19:00:00','medium',NULL,4.00,23,8),('2022-08-28 20:00:00','door closed',NULL,0.00,29,8),('2022-08-28 21:00:00','turned on',NULL,2.00,50,9),('2022-08-28 22:00:00','low',NULL,2.00,12,9),('2022-08-28 23:00:00','turned on',NULL,2.00,36,10),('2022-08-29 00:00:00','door closed',NULL,0.00,45,10),('2022-08-29 01:00:00','door opened',NULL,4.00,75,11),('2022-08-29 02:00:00','ultra',NULL,12.00,68,11),('2022-08-29 03:00:00','temp raised',71,5.00,32,12),('2022-08-29 04:00:00','door closed',NULL,0.00,45,1),('2022-08-29 05:00:00','door closed',NULL,0.00,24,1),('2022-08-29 06:00:00','door opened',NULL,4.00,38,1),('2022-08-29 07:00:00','normal',NULL,8.00,68,2),('2022-08-29 08:00:00','door opened',NULL,4.00,45,2),('2022-08-29 09:00:00','temp raised',72,5.00,4,3),('2022-08-29 10:00:00','door closed',NULL,0.00,27,3),('2022-08-29 11:00:00','turned on',NULL,2.00,21,4),('2022-08-29 12:00:00','ultra',NULL,12.00,40,4),('2022-08-29 13:00:00','turned off',NULL,0.00,59,5),('2022-08-29 14:00:00','temp lowered',72,5.00,33,5),('2022-08-29 15:00:00','ultra',NULL,12.00,13,6),('2022-08-29 16:00:00','normal',NULL,8.00,10,6),('2022-08-29 17:00:00','turned on',NULL,2.00,30,7),('2022-08-29 18:00:00','turned on',NULL,2.00,30,7),('2022-08-29 19:00:00','door opened',NULL,4.00,67,8),('2022-08-29 20:00:00','ultra',NULL,12.00,13,8),('2022-08-29 21:00:00','medium',NULL,4.00,12,9),('2022-08-29 22:00:00','ultra',NULL,12.00,58,9),('2022-08-29 23:00:00','temp raised',74,5.00,69,10),('2022-08-30 00:00:00','high',NULL,6.00,48,10),('2022-08-30 01:00:00','door closed',NULL,0.00,17,11),('2022-08-30 02:00:00','quick wash',NULL,4.00,42,11),('2022-08-30 03:00:00','normal',NULL,8.00,41,12),('2022-08-30 04:00:00','temp lowered',72,5.00,51,1),('2022-08-30 05:00:00','quick dry',NULL,4.00,43,1),('2022-08-30 06:00:00','quick wash',NULL,4.00,68,1),('2022-08-30 07:00:00','door closed',NULL,0.00,8,2),('2022-08-30 08:00:00','turned off',NULL,0.00,21,2),('2022-08-30 09:00:00','temp raised',72,5.00,51,3),('2022-08-30 10:00:00','high',NULL,6.00,5,3),('2022-08-30 11:00:00','quick dry',NULL,4.00,71,4),('2022-08-30 12:00:00','temp raised',80,5.00,51,4),('2022-08-30 13:00:00','ultra',NULL,12.00,61,5),('2022-08-30 14:00:00','low',NULL,2.00,55,5),('2022-08-30 15:00:00','quick dry',NULL,4.00,10,6),('2022-08-30 16:00:00','quick wash',NULL,4.00,68,6),('2022-08-30 17:00:00','door closed',NULL,0.00,27,7),('2022-08-30 18:00:00','high',NULL,6.00,78,7),('2022-08-30 19:00:00','door closed',NULL,0.00,45,8),('2022-08-30 20:00:00','ultra',NULL,12.00,40,8),('2022-08-30 21:00:00','ultra',NULL,12.00,71,9),('2022-08-30 22:00:00','door opened',NULL,4.00,27,9),('2022-08-30 23:00:00','door opened',NULL,4.00,45,10),('2022-08-31 00:00:00','temp raised',70,5.00,51,10),('2022-08-31 01:00:00','temp raised',78,5.00,4,11),('2022-08-31 02:00:00','turned off',NULL,0.00,47,11),('2022-08-31 03:00:00','normal',NULL,8.00,71,12),('2022-08-31 04:00:00','temp lowered',73,5.00,33,1),('2022-08-31 05:00:00','temp lowered',78,5.00,1,1),('2022-08-31 06:00:00','ultra',NULL,12.00,43,1),('2022-08-31 07:00:00','ultra',NULL,12.00,31,2),('2022-08-31 08:00:00','temp lowered',74,5.00,22,2),('2022-08-31 09:00:00','door opened',NULL,4.00,27,3),('2022-08-31 10:00:00','low',NULL,2.00,3,3),('2022-08-31 11:00:00','quick wash',NULL,4.00,73,4),('2022-08-31 12:00:00','turned off',NULL,0.00,50,4),('2022-08-31 13:00:00','door closed',NULL,0.00,75,5),('2022-08-31 14:00:00','quick dry',NULL,4.00,62,5),('2022-08-31 15:00:00','turned on',NULL,2.00,36,6),('2022-08-31 16:00:00','quick wash',NULL,4.00,31,6),('2022-08-31 17:00:00','temp lowered',78,5.00,77,7),('2022-08-31 18:00:00','temp raised',73,5.00,22,7),('2022-08-31 19:00:00','temp lowered',80,5.00,1,8),('2022-08-31 20:00:00','ultra',NULL,12.00,53,8),('2022-08-31 21:00:00','door closed',NULL,0.00,75,9),('2022-08-31 22:00:00','quick dry',NULL,4.00,26,9),('2022-08-31 23:00:00','low',NULL,2.00,57,10),('2022-09-01 00:00:00','door opened',NULL,4.00,38,10),('2022-09-01 01:00:00','temp lowered',78,5.00,33,11),('2022-09-01 02:00:00','normal',NULL,8.00,62,11),('2022-09-01 03:00:00','door closed',NULL,0.00,67,12),('2022-09-01 04:00:00','door closed',NULL,0.00,75,1),('2022-09-01 05:00:00','quick wash',NULL,4.00,79,1),('2022-09-01 06:00:00','medium',NULL,4.00,14,1),('2022-09-01 07:00:00','ultra',NULL,12.00,31,2),('2022-09-01 08:00:00','door opened',NULL,4.00,67,2),('2022-09-01 09:00:00','turned off',NULL,0.00,36,3),('2022-09-01 10:00:00','temp lowered',77,5.00,37,3),('2022-09-01 11:00:00','low',NULL,2.00,55,4),('2022-09-01 12:00:00','low',NULL,2.00,55,4),('2022-09-01 13:00:00','normal',NULL,8.00,13,5),('2022-09-01 14:00:00','quick wash',NULL,4.00,35,5),('2022-09-01 15:00:00','medium',NULL,4.00,5,6),('2022-09-01 16:00:00','normal',NULL,8.00,26,6),('2022-09-01 17:00:00','temp lowered',75,5.00,72,7),('2022-09-01 18:00:00','ultra',NULL,12.00,52,7),('2022-09-01 19:00:00','normal',NULL,8.00,10,8),('2022-09-01 20:00:00','ultra',NULL,12.00,41,8),('2022-09-01 21:00:00','medium',NULL,4.00,14,9),('2022-09-01 22:00:00','normal',NULL,8.00,76,9),('2022-09-01 23:00:00','quick wash',NULL,4.00,79,10),('2022-09-02 00:00:00','medium',NULL,4.00,9,10),('2022-09-02 01:00:00','door closed',NULL,0.00,67,11),('2022-09-02 02:00:00','high',NULL,6.00,14,11),('2022-09-02 03:00:00','temp lowered',76,5.00,11,12),('2022-09-02 04:00:00','turned on',NULL,2.00,21,1),('2022-09-02 05:00:00','normal',NULL,8.00,76,1),('2022-09-02 06:00:00','low',NULL,2.00,28,1),('2022-09-02 07:00:00','turned on',NULL,2.00,2,2),('2022-09-02 08:00:00','quick dry',NULL,4.00,41,2),('2022-09-02 09:00:00','door closed',NULL,0.00,24,3),('2022-09-02 10:00:00','quick wash',NULL,4.00,35,3),('2022-09-02 11:00:00','turned off',NULL,0.00,47,4),('2022-09-02 12:00:00','door opened',NULL,4.00,27,4),('2022-09-02 13:00:00','door closed',NULL,0.00,70,5),('2022-09-02 14:00:00','temp raised',74,5.00,4,5),('2022-09-02 15:00:00','high',NULL,6.00,3,6),('2022-09-02 16:00:00','door closed',NULL,0.00,29,6),('2022-09-02 17:00:00','normal',NULL,8.00,65,7),('2022-09-02 18:00:00','temp raised',72,5.00,4,7),('2022-09-02 19:00:00','door closed',NULL,0.00,70,8),('2022-09-02 20:00:00','medium',NULL,4.00,57,8),('2022-09-02 21:00:00','turned on',NULL,2.00,47,9),('2022-09-02 22:00:00','medium',NULL,4.00,78,9),('2022-09-02 23:00:00','quick dry',NULL,4.00,71,10),('2022-09-03 00:00:00','quick dry',NULL,4.00,26,10),('2022-09-03 01:00:00','ultra',NULL,12.00,18,11),('2022-09-03 02:00:00','temp raised',71,5.00,77,11),('2022-09-03 03:00:00','turned on',NULL,2.00,47,12),('2022-09-03 04:00:00','quick dry',NULL,4.00,62,1),('2022-09-03 05:00:00','temp raised',73,5.00,15,1),('2022-09-03 06:00:00','door opened',NULL,4.00,29,1),('2022-09-03 07:00:00','door closed',NULL,0.00,24,2),('2022-09-03 08:00:00','door opened',NULL,4.00,17,2),('2022-09-03 09:00:00','high',NULL,6.00,44,3),('2022-09-03 10:00:00','turned on',NULL,2.00,50,3),('2022-09-03 11:00:00','quick dry',NULL,4.00,26,4),('2022-09-03 12:00:00','temp lowered',74,5.00,11,4),('2022-09-03 13:00:00','medium',NULL,4.00,28,5);
/*!40000 ALTER TABLE `EnergyConsumption` ENABLE KEYS */;
UNLOCK TABLES;

--
-- Table structure for table `EnergyPrices`
--

DROP TABLE IF EXISTS `EnergyPrices`;
/*!40101 SET @saved_cs_client     = @@character_set_client */;
/*!50503 SET character_set_client = utf8mb4 */;
CREATE TABLE `EnergyPrices` (
  `priceTimeID` int NOT NULL,
  `zipCode` varchar(10) NOT NULL,
  `timePeriodStart` varchar(50) DEFAULT NULL,
  `timePeriodEnd` varchar(50) DEFAULT NULL,
  `price` decimal(10,2) DEFAULT NULL,
  PRIMARY KEY (`priceTimeID`,`zipCode`)
) ENGINE=InnoDB DEFAULT CHARSET=utf8mb4 COLLATE=utf8mb4_0900_ai_ci;
/*!40101 SET character_set_client = @saved_cs_client */;

--
-- Dumping data for table `EnergyPrices`
--

LOCK TABLES `EnergyPrices` WRITE;
/*!40000 ALTER TABLE `EnergyPrices` DISABLE KEYS */;
INSERT INTO `EnergyPrices` VALUES (1,'10001','0:00:00','2:00:00',5.00),(1,'10002','0:00:00','2:00:00',4.00),(1,'10003','0:00:00','2:00:00',3.00),(1,'10004','0:00:00','2:00:00',3.00),(1,'10005','0:00:00','2:00:00',4.00),(1,'10006','0:00:00','2:00:00',1.00),(1,'10007','0:00:00','2:00:00',3.00),(1,'10008','0:00:00','2:00:00',5.00),(1,'10009','0:00:00','2:00:00',2.00),(1,'10010','0:00:00','2:00:00',1.00),(1,'10011','0:00:00','2:00:00',4.00),(1,'10012','0:00:00','2:00:00',1.00),(1,'10013','0:00:00','2:00:00',2.00),(1,'10014','0:00:00','2:00:00',4.00),(1,'10015','0:00:00','2:00:00',3.00),(1,'10016','0:00:00','2:00:00',5.00),(1,'10017','0:00:00','2:00:00',2.00),(1,'10018','0:00:00','2:00:00',2.00),(1,'10019','0:00:00','2:00:00',5.00),(1,'10020','0:00:00','2:00:00',4.00),(2,'10001','2:00:00','4:00:00',2.00),(2,'10002','2:00:00','4:00:00',3.00),(2,'10003','2:00:00','4:00:00',4.00),(2,'10004','2:00:00','4:00:00',4.00),(2,'10005','2:00:00','4:00:00',5.00),(2,'10006','2:00:00','4:00:00',4.00),(2,'10007','2:00:00','4:00:00',2.00),(2,'10008','2:00:00','4:00:00',2.00),(2,'10009','2:00:00','4:00:00',2.00),(2,'10010','2:00:00','4:00:00',3.00),(2,'10011','2:00:00','4:00:00',1.00),(2,'10012','2:00:00','4:00:00',4.00),(2,'10013','2:00:00','4:00:00',5.00),(2,'10014','2:00:00','4:00:00',3.00),(2,'10015','2:00:00','4:00:00',5.00),(2,'10016','2:00:00','4:00:00',4.00),(2,'10017','2:00:00','4:00:00',1.00),(2,'10018','2:00:00','4:00:00',2.00),(2,'10019','2:00:00','4:00:00',2.00),(2,'10020','2:00:00','4:00:00',4.00),(3,'10001','4:00:00','6:00:00',1.00),(3,'10002','4:00:00','6:00:00',2.00),(3,'10003','4:00:00','6:00:00',2.00),(3,'10004','4:00:00','6:00:00',3.00),(3,'10005','4:00:00','6:00:00',5.00),(3,'10006','4:00:00','6:00:00',4.00),(3,'10007','4:00:00','6:00:00',1.00),(3,'10008','4:00:00','6:00:00',2.00),(3,'10009','4:00:00','6:00:00',4.00),(3,'10010','4:00:00','6:00:00',2.00),(3,'10011','4:00:00','6:00:00',5.00),(3,'10012','4:00:00','6:00:00',2.00),(3,'10013','4:00:00','6:00:00',5.00),(3,'10014','4:00:00','6:00:00',3.00),(3,'10015','4:00:00','6:00:00',3.00),(3,'10016','4:00:00','6:00:00',3.00),(3,'10017','4:00:00','6:00:00',4.00),(3,'10018','4:00:00','6:00:00',5.00),(3,'10019','4:00:00','6:00:00',5.00),(3,'10020','4:00:00','6:00:00',5.00),(4,'10001','6:00:00','8:00:00',3.00),(4,'10002','6:00:00','8:00:00',3.00),(4,'10003','6:00:00','8:00:00',3.00),(4,'10004','6:00:00','8:00:00',4.00),(4,'10005','6:00:00','8:00:00',4.00),(4,'10006','6:00:00','8:00:00',4.00),(4,'10007','6:00:00','8:00:00',4.00),(4,'10008','6:00:00','8:00:00',1.00),(4,'10009','6:00:00','8:00:00',4.00),(4,'10010','6:00:00','8:00:00',2.00),(4,'10011','6:00:00','8:00:00',2.00),(4,'10012','6:00:00','8:00:00',5.00),(4,'10013','6:00:00','8:00:00',4.00),(4,'10014','6:00:00','8:00:00',4.00),(4,'10015','6:00:00','8:00:00',5.00),(4,'10016','6:00:00','8:00:00',3.00),(4,'10017','6:00:00','8:00:00',4.00),(4,'10018','6:00:00','8:00:00',3.00),(4,'10019','6:00:00','8:00:00',4.00),(4,'10020','6:00:00','8:00:00',2.00),(5,'10001','8:00:00','10:00:00',1.00),(5,'10002','8:00:00','10:00:00',1.00),(5,'10003','8:00:00','10:00:00',3.00),(5,'10004','8:00:00','10:00:00',1.00),(5,'10005','8:00:00','10:00:00',3.00),(5,'10006','8:00:00','10:00:00',1.00),(5,'10007','8:00:00','10:00:00',1.00),(5,'10008','8:00:00','10:00:00',4.00),(5,'10009','8:00:00','10:00:00',1.00),(5,'10010','8:00:00','10:00:00',3.00),(5,'10011','8:00:00','10:00:00',1.00),(5,'10012','8:00:00','10:00:00',2.00),(5,'10013','8:00:00','10:00:00',1.00),(5,'10014','8:00:00','10:00:00',4.00),(5,'10015','8:00:00','10:00:00',1.00),(5,'10016','8:00:00','10:00:00',5.00),(5,'10017','8:00:00','10:00:00',5.00),(5,'10018','8:00:00','10:00:00',3.00),(5,'10019','8:00:00','10:00:00',4.00),(5,'10020','8:00:00','10:00:00',3.00),(6,'10001','10:00:00','12:00:00',4.00),(6,'10002','10:00:00','12:00:00',2.00),(6,'10003','10:00:00','12:00:00',1.00),(6,'10004','10:00:00','12:00:00',2.00),(6,'10005','10:00:00','12:00:00',2.00),(6,'10006','10:00:00','12:00:00',1.00),(6,'10007','10:00:00','12:00:00',1.00),(6,'10008','10:00:00','12:00:00',5.00),(6,'10009','10:00:00','12:00:00',1.00),(6,'10010','10:00:00','12:00:00',2.00),(6,'10011','10:00:00','12:00:00',2.00),(6,'10012','10:00:00','12:00:00',1.00),(6,'10013','10:00:00','12:00:00',2.00),(6,'10014','10:00:00','12:00:00',5.00),(6,'10015','10:00:00','12:00:00',3.00),(6,'10016','10:00:00','12:00:00',4.00),(6,'10017','10:00:00','12:00:00',1.00),(6,'10018','10:00:00','12:00:00',3.00),(6,'10019','10:00:00','12:00:00',1.00),(6,'10020','10:00:00','12:00:00',5.00),(7,'10001','12:00:00','14:00:00',1.00),(7,'10002','12:00:00','14:00:00',3.00),(7,'10003','12:00:00','14:00:00',5.00),(7,'10004','12:00:00','14:00:00',3.00),(7,'10005','12:00:00','14:00:00',1.00),(7,'10006','12:00:00','14:00:00',2.00),(7,'10007','12:00:00','14:00:00',1.00),(7,'10008','12:00:00','14:00:00',4.00),(7,'10009','12:00:00','14:00:00',3.00),(7,'10010','12:00:00','14:00:00',5.00),(7,'10011','12:00:00','14:00:00',4.00),(7,'10012','12:00:00','14:00:00',3.00),(7,'10013','12:00:00','14:00:00',5.00),(7,'10014','12:00:00','14:00:00',3.00),(7,'10015','12:00:00','14:00:00',1.00),(7,'10016','12:00:00','14:00:00',1.00),(7,'10017','12:00:00','14:00:00',4.00),(7,'10018','12:00:00','14:00:00',3.00),(7,'10019','12:00:00','14:00:00',2.00),(7,'10020','12:00:00','14:00:00',1.00),(8,'10001','14:00:00','16:00:00',5.00),(8,'10002','14:00:00','16:00:00',1.00),(8,'10003','14:00:00','16:00:00',4.00),(8,'10004','14:00:00','16:00:00',4.00),(8,'10005','14:00:00','16:00:00',4.00),(8,'10006','14:00:00','16:00:00',1.00),(8,'10007','14:00:00','16:00:00',3.00),(8,'10008','14:00:00','16:00:00',2.00),(8,'10009','14:00:00','16:00:00',4.00),(8,'10010','14:00:00','16:00:00',1.00),(8,'10011','14:00:00','16:00:00',4.00),(8,'10012','14:00:00','16:00:00',3.00),(8,'10013','14:00:00','16:00:00',1.00),(8,'10014','14:00:00','16:00:00',4.00),(8,'10015','14:00:00','16:00:00',2.00),(8,'10016','14:00:00','16:00:00',2.00),(8,'10017','14:00:00','16:00:00',1.00),(8,'10018','14:00:00','16:00:00',4.00),(8,'10019','14:00:00','16:00:00',5.00),(8,'10020','14:00:00','16:00:00',4.00),(9,'10001','16:00:00','18:00:00',5.00),(9,'10002','16:00:00','18:00:00',4.00),(9,'10003','16:00:00','18:00:00',5.00),(9,'10004','16:00:00','18:00:00',4.00),(9,'10005','16:00:00','18:00:00',3.00),(9,'10006','16:00:00','18:00:00',3.00),(9,'10007','16:00:00','18:00:00',5.00),(9,'10008','16:00:00','18:00:00',1.00),(9,'10009','16:00:00','18:00:00',2.00),(9,'10010','16:00:00','18:00:00',1.00),(9,'10011','16:00:00','18:00:00',1.00),(9,'10012','16:00:00','18:00:00',4.00),(9,'10013','16:00:00','18:00:00',5.00),(9,'10014','16:00:00','18:00:00',3.00),(9,'10015','16:00:00','18:00:00',5.00),(9,'10016','16:00:00','18:00:00',4.00),(9,'10017','16:00:00','18:00:00',1.00),(9,'10018','16:00:00','18:00:00',4.00),(9,'10019','16:00:00','18:00:00',5.00),(9,'10020','16:00:00','18:00:00',2.00),(10,'10001','18:00:00','20:00:00',5.00),(10,'10002','18:00:00','20:00:00',4.00),(10,'10003','18:00:00','20:00:00',2.00),(10,'10004','18:00:00','20:00:00',3.00),(10,'10005','18:00:00','20:00:00',4.00),(10,'10006','18:00:00','20:00:00',4.00),(10,'10007','18:00:00','20:00:00',2.00),(10,'10008','18:00:00','20:00:00',1.00),(10,'10009','18:00:00','20:00:00',2.00),(10,'10010','18:00:00','20:00:00',2.00),(10,'10011','18:00:00','20:00:00',2.00),(10,'10012','18:00:00','20:00:00',3.00),(10,'10013','18:00:00','20:00:00',3.00),(10,'10014','18:00:00','20:00:00',3.00),(10,'10015','18:00:00','20:00:00',3.00),(10,'10016','18:00:00','20:00:00',1.00),(10,'10017','18:00:00','20:00:00',4.00),(10,'10018','18:00:00','20:00:00',5.00),(10,'10019','18:00:00','20:00:00',2.00),(10,'10020','18:00:00','20:00:00',4.00),(11,'10001','20:00:00','22:00:00',2.00),(11,'10002','20:00:00','22:00:00',4.00),(11,'10003','20:00:00','22:00:00',1.00),(11,'10004','20:00:00','22:00:00',2.00),(11,'10005','20:00:00','22:00:00',1.00),(11,'10006','20:00:00','22:00:00',3.00),(11,'10007','20:00:00','22:00:00',1.00),(11,'10008','20:00:00','22:00:00',2.00),(11,'10009','20:00:00','22:00:00',1.00),(11,'10010','20:00:00','22:00:00',3.00),(11,'10011','20:00:00','22:00:00',5.00),(11,'10012','20:00:00','22:00:00',3.00),(11,'10013','20:00:00','22:00:00',2.00),(11,'10014','20:00:00','22:00:00',2.00),(11,'10015','20:00:00','22:00:00',3.00),(11,'10016','20:00:00','22:00:00',3.00),(11,'10017','20:00:00','22:00:00',1.00),(11,'10018','20:00:00','22:00:00',2.00),(11,'10019','20:00:00','22:00:00',2.00),(11,'10020','20:00:00','22:00:00',5.00),(12,'10001','22:00:00','0:00:00',5.00),(12,'10002','22:00:00','0:00:00',2.00),(12,'10003','22:00:00','0:00:00',4.00),(12,'10004','22:00:00','0:00:00',5.00),(12,'10005','22:00:00','0:00:00',2.00),(12,'10006','22:00:00','0:00:00',3.00),(12,'10007','22:00:00','0:00:00',2.00),(12,'10008','22:00:00','0:00:00',3.00),(12,'10009','22:00:00','0:00:00',3.00),(12,'10010','22:00:00','0:00:00',5.00),(12,'10011','22:00:00','0:00:00',5.00),(12,'10012','22:00:00','0:00:00',3.00),(12,'10013','22:00:00','0:00:00',2.00),(12,'10014','22:00:00','0:00:00',5.00),(12,'10015','22:00:00','0:00:00',4.00),(12,'10016','22:00:00','0:00:00',5.00),(12,'10017','22:00:00','0:00:00',1.00),(12,'10018','22:00:00','0:00:00',4.00),(12,'10019','22:00:00','0:00:00',5.00),(12,'10020','22:00:00','0:00:00',2.00);
/*!40000 ALTER TABLE `EnergyPrices` ENABLE KEYS */;
UNLOCK TABLES;

--
-- Table structure for table `ServiceLocations`
--

DROP TABLE IF EXISTS `ServiceLocations`;
/*!40101 SET @saved_cs_client     = @@character_set_client */;
/*!50503 SET character_set_client = utf8mb4 */;
CREATE TABLE `ServiceLocations` (
  `serviceLocID` int NOT NULL,
  `customerID` int DEFAULT NULL,
  `dateTakenOver` date DEFAULT NULL,
  `squareFootage` float DEFAULT NULL,
  `streetAddress` varchar(255) DEFAULT NULL,
  `city` varchar(50) DEFAULT NULL,
  `zipCode` varchar(10) DEFAULT NULL,
  `state` varchar(2) DEFAULT NULL,
  `unit` varchar(10) DEFAULT NULL,
  `numBedrooms` int DEFAULT NULL,
  `numOccupants` int DEFAULT NULL,
  PRIMARY KEY (`serviceLocID`),
  KEY `customerID` (`customerID`),
  CONSTRAINT `servicelocations_ibfk_1` FOREIGN KEY (`customerID`) REFERENCES `Customers` (`customerID`)
) ENGINE=InnoDB DEFAULT CHARSET=utf8mb4 COLLATE=utf8mb4_0900_ai_ci;
/*!40101 SET character_set_client = @saved_cs_client */;

--
-- Dumping data for table `ServiceLocations`
--

LOCK TABLES `ServiceLocations` WRITE;
/*!40000 ALTER TABLE `ServiceLocations` DISABLE KEYS */;
INSERT INTO `ServiceLocations` VALUES (1,5,'2023-01-15',800,'123 Main St','New York','10001','NY','Apt 1A',2,3),(2,15,'2023-02-20',1200,'456 Broadway','New York','10002','NY','Unit 2B',3,4),(3,18,'2023-03-10',1000,'789 Park Ave','New York','10003','NY','Apt 3C',2,2),(4,1,'2023-04-05',900,'101 Wall St','New York','10004','NY','Apt 4D',2,1),(5,2,'2023-05-12',1100,'202 Lexington Ave','New York','10005','NY','Unit 5E',3,3),(6,15,'2023-06-18',950,'303 5th Ave','New York','10006','NY','Apt 6F',2,2),(7,7,'2023-07-22',850,'404 Madison Ave','New York','10007','NY','Unit 7G',1,1),(8,1,'2023-08-30',750,'505 Park Pl','New York','10008','NY','Apt 8H',1,1),(9,4,'2023-09-08',1000,'606 3rd St','New York','10009','NY','Apt 9I',2,2),(10,6,'2023-10-15',800,'707 Broadway','New York','10010','NY','Unit 10J',2,3),(11,17,'2023-11-20',1200,'808 Wall St','New York','10011','NY','Apt 11K',3,4),(12,20,'2023-12-01',1000,'909 Lexington Ave','New York','10012','NY','Unit 12L',2,2),(13,4,'2024-01-05',900,'1010 Park Pl','New York','10013','NY','Apt 13M',2,1),(14,9,'2024-02-10',1100,'1111 Madison Ave','New York','10014','NY','Unit 14N',3,3),(15,3,'2024-03-18',950,'1212 5th Ave','New York','10015','NY','Apt 15O',2,2),(16,16,'2024-04-22',850,'1313 Broadway','New York','10016','NY','Unit 16P',1,1),(17,10,'2024-05-30',750,'1414 Wall St','New York','10017','NY','Apt 17Q',1,1),(18,13,'2024-06-08',1000,'1515 Lexington Ave','New York','10018','NY','Apt 18R',2,2),(19,17,'2024-07-15',800,'1616 Park Pl','New York','10019','NY','Unit 19S',2,3),(20,20,'2024-08-20',1200,'1717 Madison Ave','New York','10020','NY','Apt 20T',3,4),(21,12,'2024-09-01',1000,'123 Main St','New York','10001','NY','Apt 21U',2,2),(22,9,'2024-10-10',900,'456 Broadway','New York','10002','NY','Unit 22V',2,1),(23,18,'2024-11-18',1100,'789 Park Ave','New York','10003','NY','Apt 23W',3,3),(24,8,'2024-12-22',950,'101 Wall St','New York','10004','NY','Apt 24X',2,2),(25,2,'2025-01-30',850,'202 Lexington Ave','New York','10005','NY','Unit 25Y',1,1),(26,15,'2025-02-05',750,'303 5th Ave','New York','10006','NY','Apt 26Z',1,1),(27,11,'2025-03-12',1000,'404 Madison Ave','New York','10007','NY','Unit 27AA',2,2),(28,1,'2025-04-18',800,'505 Park Pl','New York','10008','NY','Apt 28BB',2,3),(29,3,'2025-05-22',1200,'606 3rd St','New York','10009','NY','Apt 29CC',3,4),(30,6,'2025-06-30',1000,'707 Broadway','New York','10010','NY','Unit 30DD',2,2),(31,14,'2025-07-08',900,'808 Wall St','New York','10011','NY','Apt 31EE',2,1),(32,20,'2025-08-15',1100,'909 Lexington Ave','New York','10012','NY','Unit 32FF',3,3),(33,4,'2025-09-20',950,'1010 Park Pl','New York','10013','NY','Apt 33GG',2,2),(34,9,'2025-10-01',850,'1111 Madison Ave','New York','10014','NY','Unit 34HH',1,1),(35,18,'2025-11-10',750,'1212 5th Ave','New York','10015','NY','Apt 35II',1,1),(36,16,'2025-12-18',1000,'1313 Broadway','New York','10016','NY','Unit 36JJ',2,2),(37,10,'2026-01-22',800,'1414 Wall St','New York','10017','NY','Apt 37KK',2,3),(38,13,'2026-02-28',1200,'1515 Lexington Ave','New York','10018','NY','Apt 38LL',3,4),(39,17,'2026-03-05',1000,'1616 Park Pl','New York','10019','NY','Unit 39MM',2,2),(40,19,'2026-04-10',900,'1717 Madison Ave','New York','10020','NY','Apt 40NN',2,1);
/*!40000 ALTER TABLE `ServiceLocations` ENABLE KEYS */;
UNLOCK TABLES;
/*!40103 SET TIME_ZONE=@OLD_TIME_ZONE */;

/*!40101 SET SQL_MODE=@OLD_SQL_MODE */;
/*!40014 SET FOREIGN_KEY_CHECKS=@OLD_FOREIGN_KEY_CHECKS */;
/*!40014 SET UNIQUE_CHECKS=@OLD_UNIQUE_CHECKS */;
/*!40101 SET CHARACTER_SET_CLIENT=@OLD_CHARACTER_SET_CLIENT */;
/*!40101 SET CHARACTER_SET_RESULTS=@OLD_CHARACTER_SET_RESULTS */;
/*!40101 SET COLLATION_CONNECTION=@OLD_COLLATION_CONNECTION */;
/*!40111 SET SQL_NOTES=@OLD_SQL_NOTES */;

-- Dump completed on 2023-12-20  3:43:23
